fid,field_1_1,Unnamed_ 0,Parcel ID,Address,Sale Date,Sale Price,Qualified,Reason,Acres,Parcel  Cl,Year  Buil,Square Ft,Price Per,lat,long,GEOID
"18","434","434",08042B000082,4620 SW BLUE IRIS WAY,3/18/2022,"$273,500.00",Qualified,FM,0.03,Residential,"2004","1568",$174.43,34.2468685,-83.8951076,"131390014022"
"36","883","883",08042B000160,4748 SW AUTUMN ROSE TRL,2/15/2022,"$261,000.00",Qualified,FM,0.03,Residential,"2004","1248",$209.13,34.2490393,-83.8935347,"131390014022"
"38","903","903",08042B000080,4624 SW BLUE IRIS WAY,2/11/2022,"$259,900.00",Qualified,FM,0.03,Residential,"2004","1248",$208.25,34.2467552,-83.8952215,"131390014022"
"39","906","906",08042B000065,4615 SW BLUE IRIS WAY,2/11/2022,"$240,000.00",Qualified,FM,0.03,Residential,"2004","1568",$153.06,34.2468067,-83.8947351,"131390014022"
"52","1184","1184",08042B000145,4757 SW AUTUMN ROSE TRL,1/20/2022,"$255,000.00",Qualified,FM,0.03,Residential,"2006","1248",$204.33,34.2494842,-83.8937831,"131390014022"
"54","1243","1243",08042B000026,4429 SW PLUM FROST CT,1/14/2022,"$267,000.00",Qualified,FM,0.03,Residential,"2005","1472",$181.39,34.2462485,-83.8939486,"131390014022"
"291","236","236",01034 003004,1074 SE DESOTA ST,3/31/2022,"$170,000.00",Qualified,FM,0.11,Residential,"1940","1092",$155.68,34.2963229,-83.8103603,"131390008002"
"488","1309","1309",01030 005001,613 SW DAVIS ST,1/7/2022,"$210,000.00",Qualified,FM,0.27,Residential,"1949","1388",$151.30,34.2868981,-83.8249073,"131390011011"
"489","191","191",01022 007004,432 SE FAIR ST,4/4/2022,"$405,000.00",Qualified,FM,0.29,Residential,"1950","1287",$314.69,34.3010865,-83.816536,"131390008003"
"490","328","328",01021 007017,2129 SE MARTIN LUTHER KING JR BLVD,3/25/2022,"$137,000.00",Qualified,FM,0.22,Residential,"1950","1200",$114.17,34.2964212,-83.8147288,"131390008003"
"562","281","281",01130 003012,860 SW AIRPORT DR,3/29/2022,"$425,000.00",Unqualified,"51",0.17,Residential,"1945","672",$632.44,34.2828909,-83.8344067,"131390011013"
"563","284","284",00126 001013,314 ATLANTA HWY,3/29/2022,"$425,000.00",Unqualified,"51",0.24,Residential,"1942","978",$434.56,34.283642,-83.8392438,"131390011013"
"564","286","286",01130 003011,1222 SW SWANN DR,3/29/2022,"$125,000.00",Qualified,FM,0.13,Residential,"1945","1008",$124.01,34.2828942,-83.8346863,"131390011013"
"565","287","287",01130 003011,1222 SW SWANN DR,3/29/2022,"$136,000.00",Qualified,FM,0.13,Residential,"1945","1008",$134.92,34.2828942,-83.8346863,"131390011013"
"566","288","288",01130 003011,1222 SW SWANN DR,3/29/2022,"$425,000.00",Unqualified,"51",0.13,Residential,"1945","1008",$421.63,34.2828942,-83.8346863,"131390011013"
"569","938","938",01131 001031,1253 SW SWANN DR,2/9/2022,"$285,000.00",Unqualified,"51",0.17,Residential,"1950","1120",$254.46,34.2823879,-83.8349349,"131390011013"
"570","944","944",01131 001030,1245 SW SWANN DR,2/9/2022,"$285,000.00",Unqualified,"51",0.17,Residential,"1950","1008",$282.74,34.282466,-83.8347692,"131390011013"
"571","945","945",01131 001032,1263 SW SWANN DR,2/9/2022,"$285,000.00",Unqualified,"51",0.46,Residential,"1950","752",$378.99,34.2823572,-83.8351835,"131390011013"
"582","41","41",10094 000042,2269 NW SIDNEY DR,5/27/2022,"$1,100,000.00",Qualified,FM,0.92,Residential,"1996","3254",$338.05,34.3254299,-83.8817985,"131390003071"
"595","1220","1220",10094 000058,2222 NW SIDNEY DR,1/14/2022,"$785,000.00",Qualified,FM,1.09,Residential,"1995","1936",$405.48,34.3275541,-83.884531,"131390003071"
"638","163","163",08021 001419,3719 SW CYPRESSWOOD PT,4/6/2022,"$590,000.00",Qualified,FM,0.19,Residential,"2015","2945",$200.34,34.2788551,-83.8930794,"131390010052"
"639","501","501",08034 000276,4006 SW LAVENDER PT,3/11/2022,"$475,000.00",Qualified,FM,0.16,Residential,"2016","1854",$256.20,34.2750564,-83.8940728,"131390010052"
"640","836","836",08033 000002A,3310 DONNA WAY,2/18/2022,"$274,900.00",Qualified,FM,0.46,Residential,"1979","1478",$185.99,34.2678284,-83.8852554,"131390010052"
"641","898","898",08021 001483,3744 SW GOLDEN LEAF PT,2/11/2022,"$650,000.00",Qualified,FM,0.2,Residential,"2015","2928",$221.99,34.2792464,-83.8952939,"131390010052"
"643","1315","1315",08021 001457,3759 SW GOLDEN LEAF PT,1/7/2022,"$360,000.00",Qualified,FM,0.14,Residential,"2015","1406",$256.05,34.2785134,-83.8957699,"131390010052"
"663","292","292",01081 003019,636 NE CRUDUP DR,3/29/2022,"$350,000.00",Qualified,FM,0.58,Residential,"1966","1701",$205.76,34.314858,-83.8113819,"131390006013"
"664","429","429",01083 001018,783 NE ROBINHOOD TRL,3/18/2022,"$305,000.00",Qualified,FM,0.85,Residential,"1968","1614",$188.97,34.3172995,-83.8115209,"131390006013"
"665","493","493",01081 004010,1505 NE ROBINHOOD TRL,3/14/2022,"$380,500.00",Qualified,FM,0.41,Residential,"1965","1468",$259.20,34.3140688,-83.8117281,"131390006013"
"666","638","638",01083 001016,737 NE ROBINHOOD TRL,3/1/2022,"$317,500.00",Qualified,FM,0.57,Residential,"1998","1486",$213.66,34.3167105,-83.810982,"131390006013"
"667","980","980",01083 001002F,676 NE LAKEVIEW DR,2/4/2022,"$325,000.00",Qualified,FM,0.27,Residential,"1983","1980",$164.14,34.3180518,-83.8058836,"131390006013"
"668","1334","1334",01081 005005,1486 NE ROBINHOOD TRL,1/6/2022,"$285,000.00",Qualified,FM,0.4,Residential,"1967","1693",$168.34,34.3130853,-83.8119353,"131390006013"
"671","207","207",01074 001017A,1165 NE RIVERSIDE TER,3/31/2022,"$160,000.00",Qualified,FM,0.02,Residential,"2002","1200",$133.33,34.317009,-83.8283582,"131390009011"
"672","329","329",01075A000022,1235 NE RIVERSIDE DR,3/25/2022,"$183,000.00",Qualified,FM,0.02,Residential,"1969","928",$197.20,34.3201246,-83.8272694,"131390009011"
"673","399","399",01077 001027E,1139 NE SOUTH ENOTA DR,3/22/2022,"$282,000.00",Qualified,FM,0.56,Residential,"1960","1363",$206.90,34.3216159,-83.8208461,"131390009011"
"674","435","435",01037 001024A,1185 NE PARK ST,3/18/2022,"$344,900.00",Unqualified,"21",0.51,Residential,"1940","1804",$191.19,34.3092069,-83.8173582,"131390009011"
"675","758","758",01067 001010,854 NE MEMORIAL DR,2/24/2022,"$440,000.00",Qualified,FM,0.32,Residential,"1940","2740",$160.58,34.3130921,-83.8232083,"131390009011"
"676","826","826",01074 001017G,1153 NE RIVERSIDE TER,2/18/2022,"$205,000.00",Qualified,FM,0.02,Residential,"2002","1152",$177.95,34.3176048,-83.8287197,"131390009011"
"677","828","828",01074 001010,1079 NE RIVERSIDE TER,2/18/2022,"$272,000.00",Qualified,FM,0.31,Residential,"1955","1196",$0.00,34.3166431,-83.8276423,"131390009011"
"678","1136","1136",01039A000019,605 NE CANDLER ST,1/25/2022,"$99,000.00",Qualified,FM,0.05,Residential,"1983","792",$125.00,34.3082407,-83.8251353,"131390009011"
"679","1338","1338",01075A000019,1235 NE RIVERSIDE DR,1/6/2022,"$165,000.00",Qualified,FM,0.02,Residential,"1969","928",$177.80,34.3201246,-83.8272694,"131390009011"
"680","1356","1356",01074 001017M,1179 NE RIVERSIDE TER,1/4/2022,"$190,000.00",Qualified,FM,0.02,Residential,"2002","1200",$158.33,34.3178643,-83.8289372,"131390009011"
"723","42","42",10097 000123,3810 NW WINDSOR TRL,5/27/2022,"$420,000.00",Qualified,FM,0.64,Residential,"2018","2363",$177.74,34.3574808,-83.885313,"131390004021"
"731","358","358",10097 000149,3925 NW CAMDEN CT,3/24/2022,"$410,900.00",Qualified,FM,0.46,Residential,"2021","2634",$156.00,34.3548308,-83.8809084,"131390004021"
"732","624","624",10097 000150,3921 NW CAMDEN CT,3/3/2022,"$447,176.00",Qualified,FM,0.64,Residential,"2021","2692",$166.11,34.3550406,-83.8807842,"131390004021"
"734","781","781",01107 001104,3071 NW STILLWATER DR,2/23/2022,"$585,000.00",Qualified,FM,0.55,Residential,"2018","3263",$179.28,34.3572408,-83.8766814,"131390004021"
"755","11","11",08016 002054,3003 SW SCARLET OAK LN,6/30/2022,"$850,000.00",Qualified,FM,0.27,Residential,"2011","2868",$296.37,34.2847504,-83.8825437,"131390010042"
"756","170","170",01115 002037,1800 NW BEECHWOOD BLVD,4/6/2022,"$716,900.00",Unqualified,"51",0.48,Residential,"1972","2200",$325.86,34.3007444,-83.8630615,"131390010042"
"757","369","369",08021 001043,3112 SW WHITE MAGNOLIA CHSE,3/24/2022,"$558,000.00",Qualified,FM,0.16,Residential,"2010","2029",$275.01,34.2827659,-83.8830613,"131390010042"
"759","590","590",08021 001068,3202 SW INDIAN HAWTHORNE RDG,3/4/2022,"$700,000.00",Qualified,FM,0.23,Residential,"2007","2416",$289.74,34.2820026,-83.8868286,"131390010042"
"760","941","941",01115A000009,1439 NW BLUFF VALLEY CIR,2/9/2022,"$264,700.00",Qualified,FM,0.02,Residential,"2005","1806",$146.57,34.3009209,-83.8646456,"131390010042"
"761","1140","1140",08021 001044,3116 SW WHITE MAGNOLIA CHSE,1/25/2022,"$560,000.00",Qualified,FM,0.14,Residential,"2007","2090",$267.94,34.2827947,-83.8832062,"131390010042"
"762","1290","1290",01115A000042,1532 NW BLUFF VALLEY CIR,1/10/2022,"$243,900.00",Qualified,FM,0.02,Residential,"2021","1514",$161.10,34.299447,-83.864957,"131390010042"
"763","1333","1333",01115A000043,1534 NW BLUFF VALLEY CIR,1/6/2022,"$240,000.00",Qualified,FM,0.02,Residential,"2021","1514",$158.52,34.299504,-83.864945,"131390010042"
"764","1335","1335",01115A000045,1538 NW BLUFF VALLEY CIR,1/6/2022,"$243,900.00",Qualified,FM,0.02,Residential,"2021","1514",$161.10,34.299618,-83.864922,"131390010042"
"765","1339","1339",01115A000044,1536 NW BLUFF VALLEY CIR,1/6/2022,"$236,400.00",Qualified,FM,0.02,Residential,"2021","1514",$156.14,34.299561,-83.864934,"131390010042"
"773","529","529",08008 000246,2454 SW CANARY CT,3/10/2022,"$305,000.00",Qualified,FM,0.19,Residential,"2004","1732",$176.10,34.2672188,-83.847985,"131390011022"
"774","141","141",01024 004002E,401 NW FORREST AVE,4/11/2022,"$239,900.00",Qualified,FM,0.02,Residential,"1989","852",$281.57,34.3042874,-83.8285954,"131390009022"
"775","485","485",01040 004016D,506 NW BRADFORD ST,3/15/2022,"$300,000.00",Qualified,FM,0.04,Residential,"1981","1547",$193.92,34.3045394,-83.8299524,"131390009022"
"776","549","549",01025 002004,661 NW BLUERIDGE AVE,2/7/2022,"$299,900.00",Qualified,FM,0.19,Residential,"1947","1480",$202.64,34.3031103,-83.8352664,"131390009022"
"777","873","873",01025 005002,559 NW FORREST AVE,2/15/2022,"$425,000.00",Qualified,FM,0.43,Residential,"1945","2137",$198.88,34.3033404,-83.8312473,"131390009022"
"778","889","889",01025 002012,660 NW HILLCREST AVE,2/14/2022,"$120,000.00",Qualified,FM,0.21,Residential,"1936","1198",$100.17,34.3027109,-83.8350592,"131390009022"
"779","1002","1002",01025 003001,600 NW NORTH AVE,2/2/2022,"$125,000.00",Qualified,FM,0.32,Residential,"1937","756",$165.34,34.3051809,-83.8307123,"131390009022"
"780","1161","1161",01040 004025,220 NW FORREST AVE,1/21/2022,"$215,000.00",Qualified,FM,0.4,Residential,"1944","1216",$176.81,34.3057152,-83.8277666,"131390009022"
"781","1273","1273",01025 007001,523 NW RIDGEWOOD AVE,1/12/2022,"$275,000.00",Qualified,FM,0.23,Residential,"1930","1528",$179.97,34.3057572,-83.8320346,"131390009022"
"782","27","27",01119 006012,295 SW TOWER HEIGHTS RD,6/14/2022,"$240,000.00",Qualified,FM,0.17,Residential,"1957","1278",$187.79,34.2915702,-83.8404453,"131390010082"
"815","54","54",08021 001213,3329 SW SWEET PLUM TRCE,5/20/2022,"$465,100.00",Qualified,FM,0.15,Residential,"2011","2122",$219.18,34.2830219,-83.8894987,"131390010061"
"818","221","221",08016 002106,3562 SW BLACK CHERRY PT,3/31/2022,"$725,000.00",Qualified,FM,0.24,Residential,"2015","1923",$377.02,34.2881954,-83.8879049,"131390010061"
"819","294","294",08016 002167,3597 SW BLUE CYPRESS CV,3/29/2022,"$464,250.00",Qualified,FM,0.19,Residential,"2014","1690",$274.70,34.2885497,-83.8906785,"131390010061"
"820","651","651",08021 001207,3316 SW LOCUST COVE RD,3/1/2022,"$535,000.00",Qualified,FM,0.21,Residential,"2013","2904",$184.23,34.282536,-83.8884224,"131390010061"
"827","1131","1131",08021 001294,3535 SW LOCUST COVE RD,1/25/2022,"$750,000.00",Qualified,FM,0.31,Residential,"2014","2604",$288.02,34.2865983,-83.8940314,"131390010061"
"830","1223","1223",08016 002170,3585 SW BLUE CYPRESS CV,1/14/2022,"$175,000.00",Unqualified,"5",0.17,Residential,"2014","1270",$137.80,34.2880721,-83.8906371,"131390010061"
"831","1246","1246",08020 000078,3139 SW WINDING LAKE DR,1/14/2022,"$1,619,000.00",Qualified,FM,0.66,Residential,"1998","4024",$402.34,34.2902979,-83.8967012,"131390010061"
"898","273","273",01104 002055,406 NE HUDSON COVE TRL,3/30/2022,"$371,623.00",Qualified,FM,0.23,Residential,"2021","2320",$160.18,34.3498405,-83.8479051,"131390005022"
"899","696","696",01104 002054,410 NE HUDSON COVE TRL,2/28/2022,"$400,078.00",Qualified,FM,0.23,Residential,"2021","2938",$136.17,34.3498405,-83.8479051,"131390005022"
"901","838","838",01105 000010,3138 NE MARTHASVILLE CT,2/17/2022,"$975,000.00",Qualified,FM,0.46,Residential,"1977","2813",$346.61,34.3528184,-83.85279,"131390005022"
"902","859","859",01105 000041,2804 NE VILLAGE CT,2/16/2022,"$830,000.00",Qualified,FM,0.48,Residential,"1983","2960",$280.41,34.3503394,-83.8524586,"131390005022"
"915","133","133",10092 000012,3445 POINT VIEW CIR,4/12/2022,"$1,050,000.00",Unqualified,"26",0.35,Residential,"1993","2638",$398.03,34.33549725,-83.8203738,"131390005012"
"916","341","341",01085 001018,1463 NE ENOTA AVE,3/25/2022,"$365,000.00",Qualified,FM,0.57,Residential,"1955","2188",$166.82,34.3266813,-83.8227524,"131390005012"
"917","457","457",01095 001067,2204 NE COLONIAL CIR,3/17/2022,"$310,000.00",Qualified,FM,0.44,Residential,"1978","2284",$135.73,34.3431149,-83.8213434,"131390005012"
"920","736","736",01092 002020,1685 NE BLUERIDGE DR,2/25/2022,"$1,175,000.00",Qualified,FM,1.47,Residential,"2015","2828",$415.49,34.3296778,-83.826482,"131390005012"
"921","842","842",01092 001007,1770 NE BLUERIDGE DR,2/17/2022,"$388,000.00",Qualified,FM,1.61,Residential,"1956","2043",$189.92,34.3316878,-83.8260676,"131390005012"
"922","1038","1038",01079 001001B,1126 NE SOUTH ENOTA DR,1/31/2022,"$261,000.00",Qualified,FM,0.3,Residential,"1955","1445",$180.62,34.3214856,-83.8199758,"131390005012"
"924","95","95",01089 001011,220 NW OAKLAND DR,4/18/2022,"$250,000.00",Qualified,FM,0.31,Residential,"1985","1363",$183.42,34.3232428,-83.8377109,"131390004011"
"925","218","218",01117 004017,785 NW LAKESHORE DR,3/31/2022,"$175,000.00",Qualified,FM,0.56,Residential,"1986","1452",$120.52,34.2996272,-83.8493934,"131390004011"
"927","800","800",01114 001099,1426 NW LAKESHORE CIR,2/22/2022,"$1,050,000.00",Qualified,FM,0.4,Residential,"1970","2978",$352.59,34.3101492,-83.8549438,"131390004011"
"928","802","802",01114 001146,1500 NW WEST LAKE DR,2/22/2022,"$870,000.00",Qualified,FM,1.13,Residential,"1975","2116",$411.15,34.3097305,-83.8580833,"131390004011"
"929","829","829",01117 003029,642 NW LAKESHORE DR,2/18/2022,"$310,000.00",Qualified,FM,0.5,Residential,"2001","1482",$209.18,34.2979959,-83.8470322,"131390004011"
"930","986","986",01114 001118,1429 NW LAKESHORE CIR,1/18/2022,"$259,900.00",Qualified,FM,0.25,Residential,"1974","1711",$151.90,34.3095254,-83.8545711,"131390004011"
"932","1216","1216",01091 003009,1674 NW WOODLAWN AVE,1/18/2022,"$417,500.00",Qualified,FM,1.8,Residential,"1958","1685",$247.77,34.3244892,-83.8367165,"131390004011"
"933","1259","1259",01089 001005,372 NW OAKLAND DR,1/13/2022,"$250,000.00",Qualified,FM,0.71,Residential,"1957","1189",$210.26,34.322716,-83.8409839,"131390004011"
"944","246","246",08015B000031,2909 SW FLORENCE DR,3/31/2022,"$186,000.00",Qualified,FM,0.02,Residential,"1997","984",$189.02,34.2756339,-83.872551,"131390010051"
"945","323","323",08015A000033,2874 SW FLORENCE DR,3/25/2022,"$190,000.00",Qualified,FM,0.01,Residential,"1995","1008",$188.49,34.2756389,-83.8744581,"131390010051"
"947","475","475",08023C000007,2842 SW DEERWOOD TRCE,3/15/2022,"$205,000.00",Qualified,FM,0.36,Residential,"1988","1446",$141.77,34.2652089,-83.8717579,"131390010051"
"948","486","486",08023C000028,2956 SW WILLOW RIDGE CIR,3/15/2022,"$230,000.00",Qualified,FM,0.24,Residential,"1995","1335",$172.28,34.2672845,-83.8717579,"131390010051"
"949","744","744",08023A000017,3724 SW LEXINGTON CT,2/24/2022,"$387,000.00",Qualified,FM,1.73,Residential,"1999","2318",$166.95,34.2679201,-83.8784242,"131390010051"
"950","840","840",08015 005055,2861 SW FOX BRIDGE CT,2/17/2022,"$160,000.00",Qualified,FM,0.03,Residential,"2007","1070",$149.53,34.2763517,-83.8729089,"131390010051"
"951","1008","1008",08023C000150,3315 SW WILLOW RIDGE CIR,2/2/2022,"$312,000.00",Qualified,FM,0.29,Residential,"1998","1278",$244.13,34.2677859,-83.8766024,"131390010051"
"952","1086","1086",08015B000078,3029 SW BENTLEY PARK CIR,1/28/2022,"$210,000.00",Qualified,FM,0.19,Residential,"2000","1008",$208.33,34.2740129,-83.873486,"131390010051"
"977","301","301",01083 001160,1107 NE SPRING MARSH CT,3/28/2022,"$298,000.00",Unqualified,"51",0.05,Residential,"2021","2066","$1,586.64",34.3198489,-83.8165087,"131390006012"
"978","302","302",01083 001164,1123 NE SPRING MARSH CT,3/28/2022,"$298,000.00",Unqualified,"51",0.05,Residential,"2021","2066","$1,586.64",34.3198489,-83.8165087,"131390006012"
"979","303","303",01083 001165,1127 NE SPRING MARSH CT,3/28/2022,"$298,000.00",Unqualified,"51",0.05,Residential,"2021","2059","$1,592.03",34.3198489,-83.8165087,"131390006012"
"980","304","304",01083 001168,1139 NE SPRING MARSH CT,3/28/2022,"$298,000.00",Unqualified,"51",0.05,Residential,"2021","2059","$1,592.03",34.3198489,-83.8165087,"131390006012"
"981","305","305",01083 001169,1143 NE SPRING MARSH CT,3/28/2022,"$298,000.00",Unqualified,"51",0.05,Residential,"2021","2503","$1,309.63",34.3199701,-83.8165668,"131390006012"
"982","306","306",01083 001170,1147 NE SPRING MARSH CT,3/28/2022,"$298,000.00",Unqualified,"51",0.05,Residential,"2021","2066","$1,586.64",34.3198489,-83.8165087,"131390006012"
"983","310","310",01083 001161,1111 NE SPRING MARSH CT,3/28/2022,"$298,000.00",Unqualified,"51",0.05,Residential,"2021","2077","$1,578.24",34.3198489,-83.8165087,"131390006012"
"984","311","311",01083 001166,1131 NE SPRING MARSH CT,3/28/2022,"$298,000.00",Unqualified,"51",0.05,Residential,"2021","2066","$1,586.64",34.3198489,-83.8165087,"131390006012"
"985","316","316",01083 001162,1115 NE SPRING MARSH CT,3/28/2022,"$298,000.00",Unqualified,"51",0.05,Residential,"2021","2059","$1,592.03",34.3198489,-83.8165087,"131390006012"
"986","317","317",01083 001163,1119 NE SPRING MARSH CT,3/28/2022,"$298,000.00",Unqualified,"51",0.05,Residential,"2021","2503","$1,309.63",34.3198489,-83.8165087,"131390006012"
"987","318","318",01083 001167,1135 NE SPRING MARSH CT,3/28/2022,"$298,000.00",Unqualified,"51",0.05,Residential,"2021","2077","$1,578.24",34.3198489,-83.8165087,"131390006012"
"988","474","474",01084 001040,2703 NE LIMESTONE CREEK DR,3/15/2022,"$475,000.00",Qualified,FM,0.19,Residential,"2021","1550",$306.45,34.3251114,-83.8086323,"131390006012"
"989","581","581",01084 001037,2745 NE LIMESTONE CREEK DR,3/7/2022,"$458,500.00",Qualified,FM,0.2,Residential,"2021","2810",$163.17,34.3253422,-83.8082049,"131390006012"
"990","1013","1013",01084 001038,2739 NE LIMESTONE CREEK DR,2/1/2022,"$429,500.00",Qualified,FM,0.2,Residential,"2021","2136",$201.08,34.3251778,-83.8083707,"131390006012"
"1136","228","228",08026 000222,2913 SW CAMPUS POINTE CIR,3/31/2022,"$175,000.00",Qualified,FM,0.01,Residential,"2006","1234",$141.82,34.2426624,-83.8569663,"131390013042"
"1137","344","344",08026 000153,2696 SW CREEK MILL LN,3/25/2022,"$215,000.00",Qualified,FM,0.02,Residential,"2005","1512",$142.20,34.243592,-83.855679,"131390013042"
"1138","461","461",08026 000048,2760 SW VALLEY GREEN DR,3/16/2022,"$231,000.00",Qualified,FM,0.1,Residential,"2004","1400",$165.00,34.2431488,-83.8546021,"131390013042"
"1139","527","527",08026 000139,2664 SW CREEK MILL LN,3/10/2022,"$600,000.00",Unqualified,"51",0.02,Residential,"2020","1580",$379.75,34.242787,-83.855086,"131390013042"
"1140","528","528",08026 000144,2674 SW CREEK MILL LN,3/10/2022,"$600,000.00",Unqualified,"51",0.02,Residential,"2020","1568",$382.65,34.243009,-83.8552648,"131390013042"
"1141","532","532",08026 000136,2658 SW CREEK MILL LN,3/10/2022,"$600,000.00",Unqualified,"51",0.02,Residential,"2020","1568",$382.65,34.2426678,-83.8549918,"131390013042"
"1142","533","533",08026 000137,2660 SW CREEK MILL LN,3/10/2022,"$600,000.00",Unqualified,"51",0.02,Residential,"2020","1580",$379.75,34.242696,-83.855011,"131390013042"
"1143","534","534",08026 000141,2668 SW CREEK MILL LN,3/10/2022,"$600,000.00",Unqualified,"51",0.02,Residential,"2020","1580",$379.75,34.242874,-83.8551613,"131390013042"
"1144","542","542",08026 000138,2662 SW CREEK MILL LN,3/10/2022,"$600,000.00",Unqualified,"51",0.02,Residential,"2020","1568",$382.65,34.242739,-83.855053,"131390013042"
"1145","543","543",08026 000140,2666 SW CREEK MILL LN,3/10/2022,"$600,000.00",Unqualified,"51",0.02,Residential,"2020","1568",$382.65,34.242838,-83.8551109,"131390013042"
"1146","544","544",08026 000142,2670 SW CREEK MILL LN,3/10/2022,"$600,000.00",Unqualified,"51",0.02,Residential,"2020","1568",$382.65,34.2429289,-83.855187,"131390013042"
"1147","545","545",08026 000143,2672 SW CREEK MILL LN,3/10/2022,"$600,000.00",Unqualified,"51",0.02,Residential,"2020","1580",$379.75,34.2429637,-83.8552234,"131390013042"
"1148","546","546",08026 000145,2676 SW CREEK MILL LN,3/10/2022,"$600,000.00",Unqualified,"51",0.02,Residential,"2020","1580",$379.75,34.2430759,-83.8553063,"131390013042"
"1151","656","656","15036D000133",3815 SW AMBERLEIGH TRCE,3/1/2022,"$338,000.00",Qualified,FM,0.21,Residential,"2006","3353",$100.81,34.2278948,-83.8486477,"131390013042"
"1152","659","659",08026 000302,3325 SW CAMPUS POINTE CIR,2/28/2022,"$275,000.00",Qualified,FM,0.01,Residential,"2006","1234",$222.85,34.2418981,-83.8581756,"131390013042"
"1154","777","777",08026 000068,2806 SW VALLEY GREEN DR,2/23/2022,"$230,013.00",Qualified,FM,0.1,Residential,"2005","1512",$152.13,34.244207,-83.855318,"131390013042"
"1155","835","835","15036D000283",3751 SW RIDGE BLUFF OVLK,2/18/2022,"$388,000.00",Qualified,FM,0.26,Residential,"2015","2981",$130.16,34.22637,-83.846672,"131390013042"
"1156","947","947",08026 000071,2807 SW VALLEY GREEN DR,2/9/2022,"$228,500.00",Qualified,FM,0.1,Residential,"2005","1288",$177.41,34.244116,-83.855751,"131390013042"
"1157","1031","1031",08026 000248,3022 SW CAMPUS POINTE CIR,1/31/2022,"$170,000.00",Qualified,FM,0.01,Residential,"2006","1234",$137.76,34.2430691,-83.8572753,"131390013042"
"1158","1133","1133","15036D000222",3806 SW AMBERLEIGH TRCE,1/25/2022,"$361,000.00",Qualified,FM,0.25,Residential,"2005","3616",$99.83,34.2273449,-83.8488963,"131390013042"
"1159","1257","1257","15036D000207",3874 SW AMBERLEIGH TRCE,1/13/2022,"$355,000.00",Qualified,FM,0.22,Residential,"2006","2932",$121.08,34.2283596,-83.8467008,"131390013042"
"1160","1350","1350","15036D000229",4121 SW VILLAGE PRESERVE WAY,1/4/2022,"$375,000.00",Qualified,FM,0.32,Residential,"2008","3133",$119.69,34.2266973,-83.8420196,"131390013042"
"1161","1355","1355",08026 000255,3131 SW CAMPUS POINTE CIR,1/4/2022,"$200,000.00",Qualified,FM,0.01,Residential,"2006","1234",$162.07,34.2428106,-83.8576269,"131390013042"
"1163","389","389",15022J000002,2962 SE HERITAGE GLEN DR,3/22/2022,"$280,000.00",Qualified,FM,0.3,Residential,"2006","1308",$214.07,34.2810977,-83.7632557,"131390007041"
"1165","666","666",15022J000247,3040 SE CEDAR GLEN RUN,2/28/2022,"$339,500.00",Qualified,FM,0.47,Residential,"2016","1812",$187.36,34.2820667,-83.7661593,"131390007041"
"1166","749","749",15022J000175,3288 SE HEATHERWOOD DR,2/24/2022,"$350,000.00",Qualified,FM,0.26,Residential,"2018","2132",$164.17,34.2762116,-83.7606838,"131390007041"
"1167","769","769",15022J000147,3194 SE HERITAGE GLEN DR,2/23/2022,"$350,000.00",Qualified,FM,0.24,Residential,"2018","2132",$164.17,34.2738465,-83.7597245,"131390007041"
"1168","1037","1037",15022J000034,3132 SE LILAC CREEK TRL,1/31/2022,"$300,000.00",Qualified,FM,0.24,Residential,"2016","2172",$138.12,34.2787475,-83.7671963,"131390007041"
"1169","1122","1122","15022D000032",2112 SE ROSEMARY WAY,1/26/2022,"$269,900.00",Qualified,FM,0.12,Residential,"2021","1693",$159.42,34.2818123,-83.7832878,"131390007041"
"1170","1304","1304",15022J000052,3204 SE LILAC CREEK TRL,1/7/2022,"$342,000.00",Qualified,FM,0.23,Residential,"2018","2748",$124.45,34.276005,-83.766823,"131390007041"
"1171","1305","1305",15022J000052,3204 SE LILAC CREEK TRL,1/7/2022,"$342,000.00",Unqualified,"99",0.23,Residential,"2018","2748",$124.45,34.276005,-83.766823,"131390007041"
"1172","1343","1343",15022J000268,3143 SE LEGACY GLEN PATH,1/5/2022,"$278,000.00",Qualified,FM,0.31,Residential,"2016","1539",$180.64,34.2792188,-83.7620113,"131390007041"
"1188","440","440",01072 001014B,572 NW PIEDMONT RD,3/18/2022,"$265,000.00",Qualified,FM,0.45,Residential,"1959","1343",$197.32,34.3122506,-83.8391195,"131390009012"
"1189","458","458",01073 004004,1369 NW LONGVIEW DR,3/17/2022,"$269,500.00",Qualified,FM,0.32,Residential,"1958","1032",$261.14,34.3186117,-83.8358465,"131390009012"
"1190","482","482",01074 003012A,215 NW CHRISTOPHER DR,3/15/2022,"$325,000.00",Qualified,FM,0.47,Residential,"1978","1760",$184.66,34.3173011,-83.8329876,"131390009012"
"1191","520","520",01070 003089,1015 NW HOLLY DR,3/11/2022,"$252,000.00",Qualified,FM,0.19,Residential,"2001","1293",$194.90,34.3139483,-83.8354943,"131390009012"
"1192","609","609",01070 003086,1015 NW HOLLY DR,3/4/2022,"$227,550.00",Qualified,FM,0.19,Residential,"2001","1293",$175.99,34.3139483,-83.8354943,"131390009012"
"1193","618","618",01089 002028,1408 NW WOODLAND CIR,3/4/2022,"$389,900.00",Qualified,FM,0.9,Residential,"2005","1292",$301.78,34.3215372,-83.8381666,"131390009012"
"1194","799","799",01070 001001B,1174 NW HOLLY DR,2/22/2022,"$250,000.00",Qualified,FM,0.29,Residential,"1968","1128",$221.63,34.3151853,-83.8340791,"131390009012"
"1195","864","864",01073 002043,450 NW HOLLY DR,2/16/2022,"$327,000.00",Qualified,FM,0.29,Residential,"1959","1408",$232.24,34.315697,-83.8380423,"131390009012"
"1196","959","959",01113 001010,540 NW HOLLY DR,2/7/2022,"$395,000.00",Qualified,FM,0.51,Residential,"1958","2160",$182.87,34.3157831,-83.841046,"131390009012"
"1197","1006","1006",01070 003057,1001 NW HOLLY DR,2/2/2022,"$230,000.00",Qualified,FM,0.19,Residential,"1997","1275",$180.39,34.3130578,-83.8332569,"131390009012"
"1198","1157","1157",01070 003027,1085 NW HOLLY DR,1/21/2022,"$175,000.00",Qualified,FM,0.19,Residential,"1980","1440",$121.53,34.3142254,-83.8343445,"131390009012"
"1199","1158","1158",01074 003031,1199 NW GREEN STREET CIR,1/21/2022,"$125,000.00",Qualified,FM,0.39,Residential,"1943","878",$142.37,34.3174442,-83.8315373,"131390009012"
"1200","1282","1282",01111 001065,1533 NW PATTEN DR,1/11/2022,"$285,000.00",Qualified,FM,0.44,Residential,"1964","1758",$162.12,34.3180617,-83.8455409,"131390009012"
"1201","1310","1310",01073 004014,297 NW WOODLAND DR,1/7/2022,"$350,000.00",Qualified,FM,0.66,Residential,"1972","1549",$225.95,34.3202981,-83.8375866,"131390009012"
"1232","1239","1239",09124 000215,3738 NE SHADES VALLEY LN,1/14/2022,"$289,900.00",Qualified,FM,0.05,Residential,"2019","1506",$192.50,34.3280795,-83.7974598,"131390006022"
"1247","16","16",10017 000186,7157 BLUEBIRD CV,6/29/2022,"$556,800.00",Qualified,FM,0.37,Residential,"2021","2077",$268.08,34.30618855,-83.83906545,"131390009021"
"1248","62","62",10017 000179,7162 BLUEBIRD CV,5/16/2022,"$507,450.00",Qualified,FM,0.36,Residential,"2021","1881",$269.78,34.30618855,-83.83906545,"131390009021"
"1249","111","111",01069 001004,989 NW RUDOLPH ST,4/14/2022,"$175,000.00",Qualified,FM,0.62,Residential,"1954","1332",$131.38,34.3109264,-83.834272,"131390009021"
"1250","135","135",10017 000189,7145 BLUEBIRD CV,4/12/2022,"$547,042.00",Qualified,FM,0.38,Residential,"2021","2077",$263.38,34.30618855,-83.83906545,"131390009021"
"1251","188","188",01042 001004,758 NW CIRCLE DR,3/2/2022,"$245,000.00",Qualified,FM,0.3,Residential,"1954","1456",$168.27,34.3059846,-83.8369858,"131390009021"
"1252","189","189",01042 001004,758 NW CIRCLE DR,4/4/2022,"$245,000.00",Qualified,FM,0.3,Residential,"1954","1456",$168.27,34.3059846,-83.8369858,"131390009021"
"1253","196","196",11131B000112,5727 FORT PL,4/1/2022,"$363,900.00",Unqualified,"51",0.03,Residential,"1986","1200",$303.25,34.30618855,-83.83906545,"131390009021"
"1254","255","255",01043 001063,760 NW HILLSIDE DR,3/30/2022,"$330,000.00",Unqualified,"51",0.39,Residential,"1950","1652",$199.76,34.3054177,-83.8390367,"131390009021"
"1255","262","262",01104 002042,347 NE HUDSON CHASE CT,3/30/2022,"$554,081.00",Qualified,FM,0.27,Residential,"2021","2537",$218.40,34.30618855,-83.83906545,"131390009021"
"1256","290","290",01104 002034,315 NE HUDSON CHASE CT,3/29/2022,"$437,741.00",Qualified,FM,0.24,Residential,"2021","2452",$178.52,34.30618855,-83.83906545,"131390009021"
"1257","392","392",01113 005057,1209 NW REPTON PL,3/22/2022,"$625,000.00",Qualified,FM,0.44,Residential,"2015","2769",$225.71,34.30618855,-83.83906545,"131390009021"
"1258","425","425",01113 005045,1016 NW HARTWELL XING,3/18/2022,"$560,000.00",Qualified,FM,0.26,Residential,"2018","2884",$194.17,34.3103802,-83.839741,"131390009021"
"1259","489","489",01071 001017,574 NW DIXON DR,3/14/2022,"$300,000.00",Qualified,FM,0.73,Residential,"1949","2068",$145.07,34.3089701,-83.8357636,"131390009021"
"1260","508","508",01041 001053,769 NW OAK SHIRE CT,3/11/2022,"$461,900.00",Qualified,FM,0.18,Residential,"2001","3063",$150.80,34.3078478,-83.8314959,"131390009021"
"1261","558","558",01042 001062,576 NW LONG OAK DR,3/9/2022,"$376,500.00",Qualified,FM,0.25,Residential,"1989","1843",$204.29,34.3076542,-83.8345206,"131390009021"
"1262","672","672",12007 000077,5722 BRICKHAMPTON CT,2/28/2022,"$607,000.00",Qualified,FM,0.8,Residential,"2017","3103",$195.62,34.30618855,-83.83906545,"131390009021"
"1263","723","723",01042 001017,531 NW CRESTVIEW TER,2/25/2022,"$356,000.00",Qualified,FM,0.58,Residential,"1952","1778",$200.22,34.3068341,-83.8328218,"131390009021"
"1264","951","951",01041 001052,763 NW OAK SHIRE CT,2/8/2022,"$389,855.00",Qualified,FM,0.17,Residential,"2001","2730",$142.80,34.3077739,-83.8317445,"131390009021"
"1265","1003","1003",01045 006003,1045 NW ROSEWOOD DR,2/2/2022,"$98,000.00",Qualified,FM,0.24,Residential,"1959","880",$111.36,34.2995081,-83.8418539,"131390009021"
"1266","1274","1274",01042 001012,610 NW CRESTVIEW TER,1/12/2022,"$405,000.00",Qualified,FM,1.12,Residential,"1950","2191",$184.85,34.3063639,-83.8346449,"131390009021"
"1267","1279","1279",01113 004064,1016 NW DIXON DR,1/11/2022,"$705,000.00",Qualified,FM,1.03,Residential,"1972","3070",$229.64,34.3071952,-83.845168,"131390009021"
"1269","24","24",08024 005180,4561 SW BANSHIRE CIR,6/16/2022,"$479,000.00",Qualified,FM,0.16,Residential,"2019","2504",$191.29,34.2514655,-83.8740974,"131390014061"
"1270","61","61",08024 005231,4306 SW GRANISON CHSE,5/16/2022,"$440,000.00",Qualified,FM,0.21,Residential,"2017","2440",$180.33,34.2519717,-83.8721098,"131390014061"
"1271","63","63",08024 006216,4461 SW MILL OAK WAY,5/13/2022,"$514,164.00",Qualified,FM,0.18,Residential,"2021","3408",$150.87,34.2539737,-83.8678722,"131390014061"
"1272","78","78",08024 006217,4457 SW MILL OAK WAY,4/29/2022,"$412,962.00",Qualified,FM,0.18,Residential,"2021","2178",$189.61,34.2539737,-83.8678722,"131390014061"
"1273","119","119",08024 006182,4413 SW CHESTNUT OAK WAY,4/14/2022,"$529,186.00",Qualified,FM,0.17,Residential,"2021","3160",$167.46,34.2528513,-83.8682685,"131390014061"
"1274","159","159",08024 005356,4427 SW ROCKROSE GREEN WAY,4/7/2022,"$405,400.00",Qualified,FM,0.15,Residential,"2019","1827",$221.89,34.251325,-83.8717165,"131390014061"
"1275","160","160",08024 005409,4344 SW BIRCH MEADOW TRL,4/7/2022,"$475,000.00",Qualified,FM,0.17,Residential,"2020","2810",$169.04,34.2488204,-83.8709297,"131390014061"
"1276","214","214",08031 004269,4636 SW SUMMER VIEW DR,2/11/2022,"$350,000.00",Qualified,FM,0.21,Residential,"2015","1915",$182.77,34.2517647,-83.8770579,"131390014061"
"1277","215","215",08031 004269,4636 SW SUMMER VIEW DR,3/31/2022,"$325,000.00",Qualified,FM,0.21,Residential,"2015","1915",$169.71,34.2517647,-83.8770579,"131390014061"
"1278","252","252",08024 006208,4438 SW CHESTNUT OAK WAY,3/30/2022,"$408,429.00",Qualified,FM,0.22,Residential,"2021","2866",$142.51,34.2528513,-83.8682685,"131390014061"
"1279","293","293",08030A004040,4715 SW SWEETWATER DR,3/29/2022,"$325,000.00",Qualified,FM,0.14,Residential,"2012","1585",$205.05,34.2478228,-83.8778032,"131390014061"
"1280","300","300",08024 006186,4429 SW CHESTNUT OAK WAY,3/28/2022,"$410,914.00",Qualified,FM,0.17,Residential,"2021","2740",$149.97,34.2528513,-83.8682685,"131390014061"
"1281","380","380",08024 006188,4437 SW CHESTNUT OAK WAY,3/23/2022,"$404,555.00",Qualified,FM,0.22,Residential,"2021","2358",$171.57,34.2515219,-83.8693013,"131390014061"
"1282","383","383",08024 006156,4470 SW SILVER OAK DR,3/23/2022,"$402,983.00",Qualified,FM,0.19,Residential,"2021","2358",$170.90,34.2532558,-83.8671751,"131390014061"
"1283","403","403",08024 006115,4640 SW SILVER OAK DR,3/21/2022,"$579,351.00",Qualified,FM,0.17,Residential,"2021","3192",$181.50,34.2527555,-83.869433,"131390014061"
"1284","466","466",08024 006046,4426 SW GARDEN PARK VW,3/16/2022,"$429,000.00",Qualified,FM,0.19,Residential,"2017","2608",$164.49,34.255825,-83.8726274,"131390014061"
"1285","469","469",08024 006180,4405 SW CHESTNUT OAK WAY,3/16/2022,"$520,886.00",Qualified,FM,0.17,Residential,"2021","3484",$149.51,34.2528513,-83.8682685,"131390014061"
"1286","476","476",08024 006114,4644 sw SILVER OAK DR,3/15/2022,"$493,122.00",Qualified,FM,0.17,Residential,"2021","2358",$209.13,34.2525826,-83.8693357,"131390014061"
"1287","477","477",08031 004229,4518 SW HIDDEN CREEK DR,3/15/2022,"$385,000.00",Qualified,FM,0.16,Residential,"2016","1807",$213.06,34.2537399,-83.8780723,"131390014061"
"1288","525","525",08024 006111,4656 SW SILVER OAK DR,3/11/2022,"$573,214.00",Qualified,FM,0.18,Residential,"2021","3540",$161.92,34.2521742,-83.8690791,"131390014061"
"1289","548","548",08012 009047,4338 SW PEARHAVEN LN,3/10/2022,"$360,000.00",Qualified,FM,0.18,Residential,"2014","1840",$195.65,34.2511692,-83.8660019,"131390014061"
"1290","555","555",08025 000111,4234 SW SWAMP CYPRESS TRL,1/18/2022,"$316,500.00",Qualified,FM,0.15,Residential,"2015","2073",$152.68,34.2540289,-83.8630822,"131390014061"
"1291","556","556",08025 000111,4234 SW SWAMP CYPRESS TRL,3/9/2022,"$367,500.00",Qualified,FM,0.15,Residential,"2015","2073",$177.28,34.2540289,-83.8630822,"131390014061"
"1292","586","586",08024 005354,4419 SW ROCKROSE GREEN WAY,3/7/2022,"$393,000.00",Qualified,FM,0.15,Residential,"2019","1930",$203.63,34.2514382,-83.8713852,"131390014061"
"1293","592","592",08024 006204,4422 SW CHESTNUT OAK WAY,3/4/2022,"$481,704.00",Qualified,FM,0.18,Residential,"2021","3268",$147.40,34.2528513,-83.8682685,"131390014061"
"1294","670","670",08024 006157,4466 SW SILVER OAK DR,2/28/2022,"$458,674.00",Qualified,FM,0.19,Residential,"2021","3196",$143.52,34.2532393,-83.867164,"131390014061"
"1295","685","685",08024 006113,4648 SW SILVER OAK DR,2/28/2022,"$515,136.00",Qualified,FM,0.17,Residential,"2021","3080",$167.25,34.2524558,-83.8692559,"131390014061"
"1296","701","701",08031 004085,4764 SW LOST CREEK DR,2/28/2022,"$365,000.00",Qualified,FM,0.15,Residential,"2016","1614",$226.15,34.249153,-83.8758571,"131390014061"
"1297","721","721",08024 006112,4652 SW SILVER OAK DR,2/25/2022,"$503,177.00",Qualified,FM,0.17,Residential,"2021","3560",$141.34,34.2523121,-83.8691736,"131390014061"
"1298","752","752",08024 006185,4425 SW CHESTNUT OAK WAY,2/24/2022,"$427,445.00",Qualified,FM,0.17,Residential,"2021","3080",$138.78,34.2528513,-83.8682685,"131390014061"
"1299","753","753",08024 006202,4414 SW CHESTNUT OAK WAY,2/24/2022,"$513,921.00",Qualified,FM,0.18,Residential,"2021","1630",$315.29,34.2528513,-83.8682685,"131390014061"
"1300","768","768",08024 005330,4328 SW ROCKROSE GREEN WAY,2/23/2022,"$400,000.00",Qualified,FM,0.19,Residential,"2020","2056",$194.55,34.2505753,-83.8714266,"131390014061"
"1303","1000","1000",08031A004041,4696 SW HIDDEN CREEK DR,2/2/2022,"$315,000.00",Qualified,FM,0.17,Residential,"2016","1537",$204.94,34.2481117,-83.8818606,"131390014061"
"1304","1032","1032",08024 006183,4417 SW CHESTNUT OAK WAY,1/31/2022,"$443,127.00",Qualified,FM,0.17,Residential,"2021","3236",$136.94,34.2528513,-83.8682685,"131390014061"
"1305","1033","1033",08031A004048,4668 SW HIDDEN CREEK DR,1/31/2022,"$320,000.00",Qualified,FM,0.16,Residential,"2015","1807",$177.09,34.2489973,-83.8814052,"131390014061"
"1306","1040","1040",08024 006203,4418 SW CHESTNUT OAK WAY,1/31/2022,"$458,009.00",Qualified,FM,0.18,Residential,"2021","2740",$167.16,34.2528513,-83.8682685,"131390014061"
"1307","1090","1090",08012 009026,4229 SW PEARHAVEN LN,1/12/2022,"$265,000.00",Qualified,FM,0.2,Residential,"2013","2324",$114.03,34.2517182,-83.8631444,"131390014061"
"1308","1091","1091",08012 009026,4229 SW PEARHAVEN LN,1/28/2022,"$360,100.00",Qualified,FM,0.2,Residential,"2013","2324",$154.95,34.2517182,-83.8631444,"131390014061"
"1309","1159","1159",08024 006102,4692 SW SILVER OAK DR,1/21/2022,"$493,546.00",Qualified,FM,0.19,Residential,"2021","3120",$158.19,34.2517644,-83.8681006,"131390014061"
"1310","1200","1200",08025 000113,4226 SW SWAMP CYPRESS TRL,1/18/2022,"$351,000.00",Qualified,FM,0.14,Residential,"2015","2254",$155.72,34.2536952,-83.8628959,"131390014061"
"1311","1224","1224",08024 006201,4410 SW CHESTNUT OAK WAY,1/14/2022,"$483,336.00",Qualified,FM,0.18,Residential,"2021","3160",$152.95,34.2528513,-83.8682685,"131390014061"
"1326","285","285",01097 003018,2505 NW TERRACE VW,3/29/2022,"$235,000.00",Qualified,FM,0.05,Residential,"2008","1315",$178.71,34.3365868,-83.847087,"131390004012"
"1327","350","350",01097A000006B,2506 NW HIDDEN COVE CT,3/25/2022,"$249,000.00",Qualified,FM,0.02,Residential,"1982","1256",$198.25,34.3352332,-83.8497455,"131390004012"
"1328","622","622",01108 001007,530 NW EAST LAKE DR,3/4/2022,"$537,500.00",Qualified,FM,0.72,Residential,"1972","2210",$243.21,34.3484717,-83.8669129,"131390004012"
"1330","909","909",01103 003011,2625 NW CLUB DR,2/11/2022,"$632,000.00",Qualified,FM,1.27,Residential,"1969","4296",$147.11,34.3445718,-83.8632272,"131390004012"
"1338","74","74",01087 004017A,1449 NE WALKER ST,5/2/2022,"$440,000.00",Qualified,FM,0.28,Residential,"2017","2090",$210.53,34.3225127,-83.831786,"131390005021"
"1339","231","231",01097B000022,2345 NE MARBLERIDGE DR,3/23/2022,"$320,000.00",Qualified,FM,0.09,Residential,"2009","2394",$133.67,34.3328969,-83.8390856,"131390005021"
"1340","232","232",01097B000022,2345 NE MARBLERIDGE DR,3/31/2022,"$318,500.00",Qualified,FM,0.09,Residential,"2009","2394",$133.04,34.3328969,-83.8390856,"131390005021"
"1341","371","371",01097B000044,2385 NE MARBLERIDGE DR,3/24/2022,"$245,000.00",Qualified,FM,0.09,Residential,"2005","1472",$166.44,34.3320901,-83.8400724,"131390005021"
"1342","601","601",01096 001020,2210 NE RIVERSIDE DR,3/4/2022,"$400,000.00",Qualified,FM,0.73,Residential,"1960","2055",$194.65,34.3375541,-83.832739,"131390005021"
"1343","680","680",01091 002014,1681 NE WALKER ST,2/28/2022,"$275,000.00",Qualified,FM,0.41,Residential,"1963","1626",$169.13,34.3256995,-83.8341477,"131390005021"
"1344","688","688",01092 003048,1727 NE OAK TREE HOLW,2/28/2022,"$950,000.00",Qualified,FM,0.98,Residential,"2016","4312",$220.32,34.3281089,-83.8311547,"131390005021"
"1345","689","689",01097B000050,2214 NE SANDRIDGE COMMONS LN,2/28/2022,"$255,000.00",Qualified,FM,0.02,Residential,"2019","1502",$169.77,34.3324243,-83.8399922,"131390005021"
"1346","856","856",01086 003002,1464 NE RIVERSIDE DR,2/16/2022,"$165,000.00",Qualified,FM,0.49,Residential,"2022","3484",$47.36,34.324125,-83.8288957,"131390005021"
"1348","354","354",15021 00007418,2235 NE OLD HAMILTON PL,3/24/2022,"$230,000.00",Qualified,FM,0.01,Residential,"1989","1326",$173.45,34.3199428,-83.7868954,"131390006021"
